0,1,2,3,4,5
0.5294187329793126,0.08343866090156077,-0.23294226836131118,-0.62979702939456,-0.8486523416798201,-1.1068771603804208
0.574922788197936,0.035926463171831645,-0.3491292863518146,-0.6298992698579537,-0.7031935556515683,-0.9877626498687146
0.523589953972619,0.17420430905897866,-0.23507329201743715,-0.5097209139719324,-0.8342561176879868,-0.8923882810233853
0.4902626696395694,0.03584804783909999,-0.3685550131754649,-0.37376986724114075,-0.8071122962086745,-1.4737416554535485
0.5371779332039059,0.09026667721171557,-0.3181912015361284,-0.47508336035080007,-0.9256183070558837,-1.0326305746024542
0.5420785666202451,0.05049703400190904,-0.3441300469925714,-0.5639491342440157,-0.8593309785432113,-0.7760163475118893
0.550098500989566,0.03675124631476462,-0.1681764695705304,-0.3664033312424636,-0.5147266628222211,-1.283027407149241
0.5152157135596738,0.03127089843291894,-0.36703787166809115,-0.4188390933179188,-0.8069132608713124,-0.9007079364853592
0.5109383286969162,0.00730866257776322,-0.1372122618214582,-0.609301734546529,-0.8277881013851491,-1.0182543179734835
0.5198508056017922,0.10558388021991812,-0.28153468775612006,-0.6400422334950295,-0.8445786338844792,-1.5879018322375216
0.49740359796683514,0.03996713998767857,-0.2944585107346596,-0.4612392753380035,-0.827391731548289,-1.33496425709648
0.5242761377090156,-0.014753079735091962,-0.21827186176964183,-0.5084290805982784,-0.7717519712342354,-1.3398673576296538
0.5372471301511976,0.0018236130734427675,-0.11369868086952703,-0.4140222041672781,-0.7512075998142718,-1.0984145850425375
0.5568342643332963,-0.01857132883085008,-0.17399304732739748,-0.18613937479526693,-0.9002648783943058,-1.0676654756118003
0.6048652279057003,0.1130899427462429,-0.33998870385433066,-0.29983900979034306,-0.7710230819684725,-1.4408339197702074
0.5127660816562959,0.17996576953742768,-0.3439009355440935,-0.35146952280193167,-0.9992046185547422,-1.2335754785660935
0.5700238577029907,0.04217707084580534,-0.21307164693567948,-0.3937517932374357,-0.6883466210221719,-0.5789727196273029
0.5088698350775738,0.04857157858056792,-0.3321832331377026,-0.47311815099972987,-1.1274688471607657,-0.7692905544925113
0.5060841916857057,0.07694419031571989,-0.4885137050418583,-0.601728892588673,-0.9837273484061231,-1.1230212831306665
0.4432270705090948,0.1893022266024827,-0.2868652598370505,-0.40267300747536217,-0.5664579738342792,-0.7712500526035544
0.5275157373839945,0.07136858350933274,-0.4152933508964966,-0.5272318845642968,-0.9598117855612445,-0.9621923339589132
0.5092611982056283,0.048042342377921265,-0.33523174805711403,-0.366590246970101,-0.8426043837550634,-0.9524287490860176
0.5112860858748379,0.019542128855196766,-0.4075596218828102,-0.40923126242771546,-0.6476455711956794,-1.0996174290009137
0.4964323283340209,0.12305683222795787,-0.35735670799602,-0.5435991248049672,-1.0575923563458196,-1.082606248079342
0.532457699329573,0.03772886142318494,-0.2784025048208162,-0.4602905822963468,-0.5270126827452091,-0.8329484010865742
0.4891729484984242,0.06413432452239341,-0.2455343199495339,-0.36296758824879416,-0.869274888723708,-1.073831201329656
0.5238993048310467,0.07575591904511732,-0.23467329661471836,-0.48596216163054384,-1.017887070055856,-1.0875348832177434
0.533090605868089,0.08483503802311937,-0.31332149332328035,-0.48549503595091786,-0.86426179189852,-0.780789324674928
0.5046622089808639,0.10646887608882433,-0.4841002175433057,-0.7680959104306156,-0.6971881335348872,-0.9308594399494245
0.5404131004098306,0.10855753877797034,-0.3202006458587153,-0.4983490371924544,-1.118906529593371,-0.9368940267400834
0.5349498176122225,0.1962947901596079,-0.36265067042603283,-0.44962811926575624,-0.8239619389508418,-1.151180194023433
0.57106877311261,0.022013986607807644,-0.30677663141897304,-0.4830624183547392,-0.917827969310997,-1.2112969843315913
0.5355539722261633,0.041661647742407666,-0.3403315491198766,-0.5064899029991936,-0.7670064611591949,-1.013372447440488
0.5142747290283389,0.06909889233203168,-0.32378163080155054,-0.5195832514815976,-0.7867676171297522,-1.2816084369164702
0.5322458244739996,-0.022550322003673726,-0.3846177562569035,-0.37380002217883895,-1.0524106197640266,-1.0668694964236594
0.5128900837374263,0.04041788919331689,-0.27019818179775806,-0.4420859212567026,-0.720923941310191,-0.8152118977322574
0.5506446557169298,0.1091435522350414,-0.10957731565496007,-0.4183243615148191,-0.9230962060966811,-0.9920729545462899
0.5596233753424295,0.09677328052559682,-0.30175371950144125,-0.46061748659748913,-0.7032967346502783,-1.2032490890003005
0.4734579836987998,0.04137410474360744,-0.314691917150693,-0.5751064850147778,-0.7763773141849593,-0.9044191946838149
0.5214672629126815,0.02171706459419037,-0.43171616619824965,-0.5788121697424569,-0.6577411843734455,-1.299807215178873
0.5080029156210494,0.04838018331244509,-0.2690170713574827,-0.5170876705989808,-0.7912549040692173,-1.1501118362671128
0.45344347499475157,0.18139849432885008,-0.33819636556273336,-0.4218151190702405,-0.8442118111391922,-0.710294656543627
0.5774864278278531,0.1562335826008448,-0.27418313009409034,-0.5929580164689263,-1.0131352798405953,-1.0134882262224627
0.4880293559859788,0.10976218391603373,-0.38985272100907536,-0.3690023875294738,-0.8742124074234016,-1.2560666418314217
0.5663827893514658,-0.052529862851300804,-0.3393157882998025,-0.5123508239107004,-0.7518262832359471,-0.969251863367641
0.46861871229571445,-0.014207207937372082,-0.3348366480479708,-0.26608186463320377,-0.8756007128357717,-0.9812544395548195
0.48460972873437663,0.10226613120309887,-0.25812013031993974,-0.5367295041085027,-0.7579091573513265,-1.0086974248924858
0.5619889837580015,0.07313223241091557,-0.5447476638334312,-0.7359861490930524,-0.9771022023468792,-0.955484826022341
0.5326144578676397,0.08084319224436365,-0.20761107665570966,-0.4931661160405825,-0.8505795680643716,-1.446142530917558
0.5047633069681958,0.07251974341909864,-0.3348522363870461,-0.4941219536535674,-0.8137201558993252,-1.0842462147934904
